{"iterations": 1592, "depth": 7, "learning_rate": 0.21253472976495014, "l2_leaf_reg": 3.328871477431899, "bagging_temperature": 0.05819662811218529}