{"max_depth": 4, "n_estimators": 980, "num_leaves": 79, "learning_rate": 0.2377227017601415, "subsample": 0.9774895022351484, "bagging_fraction": 0.6598120738089922}